{"cameraMode":{"drawMode":0,"name":"Shaded","section":"Shading Mode"},"sceneLighting":true,"audioPlay":false,"sceneViewState":{"m_AlwaysRefresh":false,"showFog":true,"showSkybox":true,"showFlares":true,"showImageEffects":true,"showParticleSystems":true,"showVisualEffectGraphs":true,"m_FxEnabled":true},"in2DMode":false,"pivot":{"x":0.6535264253616333,"y":-3.3182857036590578,"z":-23.847326278686525},"rotation":{"x":-0.0027982306201010944,"y":-0.9949324131011963,"z":0.09641963243484497,"w":-0.028970306739211084},"size":12.12435531616211,"orthographic":false}